\"re","a@gmail.com","2023-11-08","Male","Thailand","ktm","$2a$10$9jOZxnw1X2gkStoX1ILYlO1MK7ifv08oWjpEJpZueVzig5kVurpQS"
"bobo","bo@gmail.com","2023-11-09","Female","Malaysia","bobo","$2a$10$OrHDFvwxzH.FrJowHHGBZeLcCd4BxULd5MDXca3sq7YlnHkd4otDi"
"jojo","jojo@gmail.com","2023-11-17","Female","Malaysia","jojo","$2a$10$Qm0mAANoFAFFxHIA4QAb/OWpeRVHFP31wBpd6Ua3bPlbydtb12lM6"
"jojo","jo@gmail.com","2023-11-01","Male","Malaysia","mal","$2a$10$V2QCjPHmdnOYm2hInfAhmeHO8fx5UGsWrKYYcDPROr1zk9aYAqs6u"
"san","san@gmail.com","2023-11-03","Male","Malaysia","mal","$2a$10$wBFW6wj0.1XCqnHKb6bEYO1EVxgASjtaYHg.whE4GvOYJUF84YcwS"
"tak","t@gmail.com","2023-10-31","Female","Malaysia","ttoto","$2a$10$61PzdO/DA36Yz9xgV2E2M.XXr63v2m/RQM6DTRgfN1Ot4NWHeETZy"
"toto","y@gmail.com","2023-11-01","Female","Thailand","yy","$2a$10$AVbcRhvYXGdgJ8PitdZwX.1YqIXGxDtrgq8G7vaYI2fH.k2C5S5R6"
"sanu","sa@gmail.com","2023-11-02","Female","Thailand","thai","$2a$10$b43/sB8uBad9tsiAXyst6OeSlVtQs8fvsNhnjm7FD.powmHrrXQ7m"
"sanu","s@gmail.com","2011-11-18","Female","Thailand","thai","$2a$10$Qq60PL8j9Leg5/fkibPLseJlBtwz9HAX5gALDC6devBdYkvG.YEgC"
"golu","g@gmail.com","2019-10-31","Male","Malaysia","gogo","$2a$10$yZAZAly.LkfsQ3F18fACG.pQWcGZ1e4LXtWRnGDWQTPsynZcrvTZ2"
